id,id_sklepu_z_danym_produktem,cena,data
1,1,3725.99,2023-01-01
2,1,3049.28,2023-03-03
3,1,254.61,2023-05-01
4,1,2219.47,2023-07-14
5,1,476.72,2023-09-28
6,2,4231.67,2023-01-01
7,2,1251.37,2023-02-10
8,2,1321.23,2023-04-04
9,2,2029.39,2023-05-29
10,2,2840.89,2023-08-14
11,3,571.62,2023-01-01
12,3,3275.2,2023-03-09
13,3,4149.47,2023-04-30
14,3,267.09,2023-07-04
15,3,4322.97,2023-10-02
16,4,4069.77,2023-01-01
17,4,3195.09,2023-03-13
18,4,4703.59,2023-06-06
19,4,4322.81,2023-07-26
20,4,218.6,2023-09-22
21,5,611.75,2023-01-01
22,5,367.17,2023-01-30
23,5,225.45,2023-04-21
24,5,2293.21,2023-05-21
25,5,204.32,2023-08-10
26,6,1944.35,2023-01-01
27,6,1237.04,2023-03-02
28,6,2426.33,2023-04-13
29,6,705.18,2023-06-23
30,6,1412.92,2023-08-21
31,7,4543.16,2023-01-01
32,7,149.27,2023-03-11
33,7,1942.19,2023-05-06
34,7,4802.25,2023-07-28
35,7,3369.75,2023-09-02
36,8,1693.45,2023-01-01
37,8,4224.15,2023-03-07
38,8,695.5,2023-05-26
39,8,893.68,2023-06-26
40,8,4747.49,2023-08-07
41,9,953.1,2023-01-01
42,9,2241.95,2023-02-03
43,9,2553.7,2023-03-15
44,9,4793.52,2023-06-05
45,9,4539.4,2023-08-07
46,10,4375.19,2023-01-01
47,10,3790.15,2023-03-19
48,10,453.27,2023-05-23
49,10,1733.05,2023-07-15
50,10,3390.63,2023-09-14
51,11,4616.83,2023-01-01
52,11,3810.17,2023-03-09
53,11,2409.84,2023-04-11
54,11,2328.19,2023-05-12
55,11,4627.19,2023-07-04
56,12,3061.11,2023-01-01
57,12,2553.27,2023-02-14
58,12,2873.2,2023-04-13
59,12,4314.65,2023-05-22
60,12,2391.36,2023-07-17
61,13,989.44,2023-01-01
62,13,802.03,2023-02-22
63,13,979.39,2023-04-11
64,13,3088.94,2023-05-22
65,13,897.64,2023-08-05
66,14,2154.71,2023-01-01
67,14,4539.5,2023-03-15
68,14,1786.32,2023-04-26
69,14,2022.19,2023-06-30
70,14,4418.41,2023-09-20
71,15,3291.79,2023-01-01
72,15,1903.24,2023-02-13
73,15,4086.18,2023-04-24
74,15,1027.81,2023-07-13
75,15,1110.73,2023-10-06
76,16,1802.93,2023-01-01
77,16,975.31,2023-02-01
78,16,4253.54,2023-04-24
79,16,218.53,2023-06-02
80,16,969.54,2023-07-23
81,17,2568.85,2023-01-01
82,17,113.76,2023-02-27
83,17,503.97,2023-04-28
84,17,3970.54,2023-07-03
85,17,1527.94,2023-09-14
86,18,760.17,2023-01-01
87,18,1245.79,2023-03-23
88,18,319.54,2023-06-03
89,18,2241.45,2023-08-09
90,18,118.98,2023-09-18
91,19,407.89,2023-01-01
92,19,888.38,2023-03-11
93,19,3796.61,2023-06-04
94,19,2261.34,2023-07-06
95,19,4270.09,2023-08-22
96,20,3234.05,2023-01-01
97,20,3804.28,2023-03-24
98,20,2124.23,2023-05-18
99,20,4928.76,2023-07-31
100,20,3873.47,2023-09-24
101,21,1296.67,2023-01-01
102,21,1888.08,2023-02-26
103,21,3076.34,2023-05-16
104,21,2124.11,2023-07-16
105,21,4332.58,2023-08-28
106,22,2036.39,2023-01-01
107,22,418.7,2023-03-07
108,22,4033.88,2023-04-22
109,22,2737.43,2023-06-25
110,22,3188.72,2023-08-16
111,23,446.87,2023-01-01
112,23,3969.04,2023-03-27
113,23,3466.16,2023-06-02
114,23,2342.77,2023-08-22
115,23,3841.68,2023-10-20
116,24,3507.24,2023-01-01
117,24,3013.87,2023-01-30
118,24,3347.65,2023-03-17
119,24,4827.3,2023-04-21
120,24,1869.45,2023-06-05
121,25,3547.76,2023-01-01
122,25,1949.53,2023-03-09
123,25,599.15,2023-05-07
124,25,3416.97,2023-07-10
125,25,4004.83,2023-08-31
126,26,4618.96,2023-01-01
127,26,1864.47,2023-02-04
128,26,4633.29,2023-04-27
129,26,4514.07,2023-06-08
130,26,337.95,2023-08-28
131,27,4742.51,2023-01-01
132,27,3465.29,2023-03-19
133,27,1638.72,2023-05-28
134,27,4150.87,2023-07-14
135,27,4583.57,2023-09-14
136,28,3597.21,2023-01-01
137,28,2633.05,2023-03-28
138,28,4199.42,2023-05-14
139,28,3743.76,2023-07-02
140,28,224.18,2023-09-21
141,29,499.96,2023-01-01
142,29,3324.9,2023-03-12
143,29,2329.53,2023-05-16
144,29,2347.73,2023-07-07
145,29,4922.87,2023-08-28
146,30,488.04,2023-01-01
147,30,1125.81,2023-03-29
148,30,3240.43,2023-05-15
149,30,2566.31,2023-07-15
150,30,2126.22,2023-10-01
151,31,4482.8,2023-01-01
152,31,2329.05,2023-03-10
153,31,3388.71,2023-04-29
154,31,3234.57,2023-06-30
155,31,562.54,2023-09-13
156,32,4330.34,2023-01-01
157,32,2867.06,2023-03-02
158,32,2828.26,2023-04-21
159,32,533.19,2023-06-13
160,32,3703.63,2023-09-01
161,33,3544.75,2023-01-01
162,33,2413.88,2023-03-12
163,33,4150.4,2023-04-27
164,33,2776.88,2023-07-16
165,33,2934.68,2023-08-13
166,34,4593.64,2023-01-01
167,34,3161.11,2023-03-14
168,34,2900.16,2023-04-29
169,34,4342.45,2023-06-14
170,34,3426.45,2023-08-09
171,35,3592.61,2023-01-01
172,35,1384.38,2023-02-22
173,35,2920.09,2023-04-20
174,35,4518.19,2023-07-05
175,35,1013.28,2023-08-26
176,36,4020.29,2023-01-01
177,36,4753.63,2023-02-03
178,36,4269.88,2023-04-15
179,36,2843.3,2023-06-13
180,36,1738.82,2023-08-06
181,37,2420.37,2023-01-01
182,37,4084.75,2023-03-15
183,37,4317.72,2023-05-24
184,37,4064.16,2023-06-23
185,37,1498.01,2023-08-26
186,38,145.89,2023-01-01
187,38,2808.84,2023-02-15
188,38,4640.73,2023-03-21
189,38,2996.01,2023-06-13
190,38,2064.86,2023-08-11
191,39,1316.94,2023-01-01
192,39,1509.74,2023-03-02
193,39,3746.6,2023-05-19
194,39,3374.39,2023-07-29
195,39,775.63,2023-10-05
196,40,2669.94,2023-01-01
197,40,1806.87,2023-02-09
198,40,3929.77,2023-04-12
199,40,608.13,2023-07-02
200,40,2876.16,2023-09-21
201,41,2734.23,2023-01-01
202,41,158.48,2023-02-16
203,41,2576.57,2023-04-28
204,41,2670.21,2023-07-17
205,41,4452.0,2023-08-25
206,42,4181.03,2023-01-01
207,42,2049.61,2023-01-29
208,42,4720.33,2023-04-03
209,42,1882.68,2023-06-13
210,42,4706.68,2023-08-21
211,43,541.64,2023-01-01
212,43,2047.45,2023-03-28
213,43,3501.87,2023-05-29
214,43,2059.76,2023-08-25
215,43,338.43,2023-10-19
216,44,4213.36,2023-01-01
217,44,1828.88,2023-03-22
218,44,4185.91,2023-04-19
219,44,2010.49,2023-06-01
220,44,2643.21,2023-07-22
221,45,2806.29,2023-01-01
222,45,3823.9,2023-02-24
223,45,2149.16,2023-04-22
224,45,4833.03,2023-06-20
225,45,578.57,2023-09-18
226,46,4991.05,2023-01-01
227,46,2287.21,2023-03-20
228,46,244.23,2023-05-29
229,46,4997.97,2023-07-08
230,46,4638.75,2023-08-19
231,47,771.66,2023-01-01
232,47,2031.67,2023-03-07
233,47,817.28,2023-04-08
234,47,2488.99,2023-06-16
235,47,115.67,2023-07-20
236,48,4080.17,2023-01-01
237,48,720.93,2023-03-12
238,48,175.56,2023-04-28
239,48,215.32,2023-07-20
240,48,3557.27,2023-09-24
241,49,997.78,2023-01-01
242,49,4837.97,2023-02-12
243,49,4410.79,2023-04-29
244,49,1248.16,2023-06-16
245,49,3961.43,2023-07-21
246,50,2703.33,2023-01-01
247,50,3474.51,2023-03-22
248,50,728.36,2023-04-27
249,50,215.17,2023-06-02
250,50,3236.12,2023-08-15
251,51,2058.88,2023-01-01
252,51,4188.19,2023-02-14
253,51,4331.29,2023-05-13
254,51,4997.0,2023-06-12
255,51,283.02,2023-08-14
256,52,2468.71,2023-01-01
257,52,2789.56,2023-02-26
258,52,1744.06,2023-05-24
259,52,3453.06,2023-07-23
260,52,3795.75,2023-08-29
261,53,4195.0,2023-01-01
262,53,2998.17,2023-02-09
263,53,3901.8,2023-03-30
264,53,2175.2,2023-05-25
265,53,816.19,2023-08-21
266,54,4250.7,2023-01-01
267,54,3772.88,2023-02-07
268,54,4411.68,2023-03-17
269,54,2664.8,2023-06-04
270,54,891.47,2023-07-26
271,55,228.34,2023-01-01
272,55,4159.37,2023-03-16
273,55,3467.05,2023-05-09
274,55,2836.63,2023-07-25
275,55,320.6,2023-08-30
276,56,403.88,2023-01-01
277,56,3916.04,2023-02-19
278,56,719.96,2023-04-12
279,56,2287.12,2023-06-28
280,56,4679.15,2023-07-27
281,57,2109.35,2023-01-01
282,57,2533.2,2023-03-01
283,57,3362.1,2023-04-27
284,57,2053.05,2023-07-22
285,57,4754.58,2023-09-08
286,58,1964.15,2023-01-01
287,58,2950.05,2023-02-17
288,58,734.45,2023-03-18
289,58,1262.09,2023-06-16
290,58,3687.34,2023-08-31
291,59,432.69,2023-01-01
292,59,3646.87,2023-03-29
293,59,3272.18,2023-05-05
294,59,1942.48,2023-07-25
295,59,3112.42,2023-08-31
296,60,1770.98,2023-01-01
297,60,2958.93,2023-04-01
298,60,487.42,2023-05-19
299,60,3128.38,2023-07-15
300,60,2908.71,2023-08-19
301,61,609.85,2023-01-01
302,61,2943.04,2023-02-23
303,61,4196.88,2023-04-30
304,61,1189.44,2023-05-30
305,61,1346.55,2023-06-30
306,62,2525.18,2023-01-01
307,62,2020.06,2023-03-14
308,62,4323.07,2023-05-21
309,62,1866.05,2023-07-13
310,62,774.82,2023-10-07
311,63,2978.25,2023-01-01
312,63,3851.13,2023-02-06
313,63,4266.84,2023-03-27
314,63,2217.67,2023-05-05
315,63,3463.36,2023-07-10
316,64,1992.55,2023-01-01
317,64,206.59,2023-02-25
318,64,2042.75,2023-05-13
319,64,4019.77,2023-07-14
320,64,4950.11,2023-09-16
321,65,4362.88,2023-01-01
322,65,3386.66,2023-03-30
323,65,1023.91,2023-06-27
324,65,2593.17,2023-09-03
325,65,2947.1,2023-10-15
326,66,4571.11,2023-01-01
327,66,437.19,2023-02-18
328,66,608.27,2023-03-18
329,66,3374.32,2023-05-12
330,66,2318.08,2023-07-12
331,67,2504.39,2023-01-01
332,67,3867.47,2023-03-05
333,67,1204.59,2023-05-25
334,67,4100.28,2023-07-19
335,67,2622.11,2023-08-24
336,68,2899.13,2023-01-01
337,68,1548.39,2023-03-18
338,68,2296.35,2023-05-26
339,68,3116.73,2023-07-23
340,68,1733.93,2023-10-08
341,69,1128.11,2023-01-01
342,69,3776.61,2023-03-08
343,69,3304.74,2023-06-04
344,69,3234.96,2023-08-01
345,69,2271.09,2023-09-04
346,70,3930.13,2023-01-01
347,70,4695.96,2023-02-19
348,70,1132.32,2023-05-15
349,70,4593.19,2023-07-31
350,70,830.36,2023-09-02
351,71,4314.79,2023-01-01
352,71,1615.63,2023-02-07
353,71,3180.24,2023-04-14
354,71,4765.68,2023-05-15
355,71,1124.81,2023-07-21
356,72,3172.37,2023-01-01
357,72,1255.12,2023-03-17
358,72,4319.43,2023-04-26
359,72,3191.98,2023-07-13
360,72,3217.37,2023-08-20
361,73,4141.48,2023-01-01
362,73,1427.06,2023-02-03
363,73,1924.12,2023-03-12
364,73,2310.64,2023-06-07
365,73,2547.11,2023-07-30
366,74,3686.88,2023-01-01
367,74,1136.1,2023-03-25
368,74,1473.75,2023-05-17
369,74,4567.34,2023-08-12
370,74,3359.85,2023-10-20
371,75,1264.35,2023-01-01
372,75,1607.83,2023-02-01
373,75,1773.2,2023-04-16
374,75,4188.12,2023-05-31
375,75,4278.19,2023-06-29
376,76,2218.11,2023-01-01
377,76,2268.36,2023-03-25
378,76,573.48,2023-05-19
379,76,637.68,2023-07-13
380,76,2450.75,2023-09-07
381,77,294.29,2023-01-01
382,77,1136.17,2023-02-27
383,77,3186.3,2023-05-06
384,77,1098.03,2023-06-11
385,77,3815.23,2023-08-18
386,78,2170.26,2023-01-01
387,78,2144.2,2023-02-05
388,78,3755.57,2023-05-02
389,78,925.2,2023-06-02
390,78,1190.09,2023-07-06
391,79,3467.57,2023-01-01
392,79,3028.56,2023-01-31
393,79,3746.63,2023-04-04
394,79,4089.59,2023-05-05
395,79,3156.0,2023-06-14
396,80,2459.0,2023-01-01
397,80,1468.44,2023-02-18
398,80,2495.21,2023-03-30
399,80,3568.65,2023-06-12
400,80,1551.17,2023-08-18
401,81,917.49,2023-01-01
402,81,1350.98,2023-02-25
403,81,3446.8,2023-04-14
404,81,4351.78,2023-05-15
405,81,1248.03,2023-06-29
406,82,2179.51,2023-01-01
407,82,1711.18,2023-01-31
408,82,3588.53,2023-03-12
409,82,3341.8,2023-04-09
410,82,1107.95,2023-07-01
411,83,1481.83,2023-01-01
412,83,4588.53,2023-02-13
413,83,3371.4,2023-03-25
414,83,2729.35,2023-05-28
415,83,1380.12,2023-08-08
416,84,118.02,2023-01-01
417,84,1923.32,2023-02-11
418,84,3989.25,2023-04-20
419,84,4124.66,2023-07-14
420,84,2379.21,2023-08-16
421,85,2552.28,2023-01-01
422,85,3565.64,2023-03-16
423,85,2337.65,2023-04-25
424,85,2207.98,2023-06-15
425,85,656.61,2023-08-13
426,86,3603.76,2023-01-01
427,86,4505.4,2023-03-08
428,86,3884.01,2023-05-21
429,86,3297.98,2023-07-01
430,86,4321.9,2023-08-26
431,87,1834.99,2023-01-01
432,87,2091.04,2023-02-14
433,87,2783.12,2023-05-11
434,87,1707.3,2023-07-31
435,87,4509.56,2023-09-21
436,88,4184.08,2023-01-01
437,88,944.42,2023-03-03
438,88,357.7,2023-05-13
439,88,2860.08,2023-07-27
440,88,4221.41,2023-10-07
441,89,2568.71,2023-01-01
442,89,474.74,2023-03-18
443,89,2649.89,2023-06-06
444,89,2374.03,2023-07-25
445,89,113.24,2023-09-27
446,90,1625.29,2023-01-01
447,90,2351.96,2023-01-31
448,90,404.62,2023-04-14
449,90,2233.88,2023-05-30
450,90,1761.9,2023-07-18
451,91,2302.04,2023-01-01
452,91,807.53,2023-03-29
453,91,3713.1,2023-06-10
454,91,2471.44,2023-09-05
455,91,1774.85,2023-11-04
456,92,3883.03,2023-01-01
457,92,4100.56,2023-02-08
458,92,4335.2,2023-03-23
459,92,1011.45,2023-05-09
460,92,1172.35,2023-06-30
461,93,1983.43,2023-01-01
462,93,750.99,2023-03-10
463,93,4533.2,2023-04-25
464,93,4791.76,2023-07-12
465,93,1630.43,2023-09-12
466,94,1871.79,2023-01-01
467,94,2626.74,2023-02-23
468,94,4221.75,2023-05-09
469,94,707.15,2023-07-08
470,94,816.46,2023-09-05
471,95,1511.31,2023-01-01
472,95,2544.81,2023-02-14
473,95,1441.67,2023-04-15
474,95,2693.86,2023-05-29
475,95,4714.41,2023-08-13
476,96,2577.68,2023-01-01
477,96,1749.58,2023-03-05
478,96,1429.48,2023-05-08
479,96,4872.51,2023-06-26
480,96,3746.65,2023-07-28
481,97,1070.37,2023-01-01
482,97,3926.09,2023-03-22
483,97,4724.06,2023-04-19
484,97,3016.68,2023-06-18
485,97,3603.77,2023-08-27
486,98,1099.35,2023-01-01
487,98,2894.35,2023-03-04
488,98,2581.06,2023-04-07
489,98,4201.37,2023-06-15
490,98,498.2,2023-08-21
491,99,4603.69,2023-01-01
492,99,2266.82,2023-03-21
493,99,3422.14,2023-04-21
494,99,2918.18,2023-05-31
495,99,3424.04,2023-08-10
496,100,1193.67,2023-01-01
497,100,2053.79,2023-03-15
498,100,3624.85,2023-05-26
499,100,2563.1,2023-07-07
500,100,4947.51,2023-09-26
501,101,485.14,2023-01-01
502,101,165.76,2023-02-21
503,101,4225.18,2023-04-26
504,101,2304.29,2023-06-27
505,101,4237.75,2023-09-17
506,102,2307.34,2023-01-01
507,102,1232.51,2023-02-10
508,102,4307.14,2023-04-08
509,102,700.05,2023-06-02
510,102,3500.29,2023-08-06
511,103,457.87,2023-01-01
512,103,919.52,2023-02-06
513,103,2488.02,2023-05-05
514,103,2708.05,2023-06-20
515,103,792.39,2023-07-28
516,104,2998.1,2023-01-01
517,104,926.19,2023-02-17
518,104,2701.59,2023-04-10
519,104,3706.04,2023-05-18
520,104,2737.09,2023-06-18
521,105,4350.54,2023-01-01
522,105,4784.34,2023-01-31
523,105,3920.05,2023-04-18
524,105,1290.39,2023-05-22
525,105,4374.87,2023-08-09
526,106,1149.92,2023-01-01
527,106,3947.07,2023-02-02
528,106,2350.2,2023-04-17
529,106,1648.23,2023-06-25
530,106,3148.57,2023-08-31
531,107,2793.11,2023-01-01
532,107,4016.21,2023-02-18
533,107,954.22,2023-05-02
534,107,1898.86,2023-07-22
535,107,2031.84,2023-10-06
536,108,3039.51,2023-01-01
537,108,349.33,2023-02-04
538,108,1657.29,2023-03-20
539,108,1116.85,2023-05-17
540,108,4193.9,2023-08-13
541,109,2188.68,2023-01-01
542,109,1739.47,2023-02-05
543,109,570.08,2023-04-05
544,109,3393.41,2023-06-08
545,109,486.61,2023-08-04
546,110,2260.21,2023-01-01
547,110,3026.04,2023-02-05
548,110,4957.6,2023-04-17
549,110,135.99,2023-06-13
550,110,540.37,2023-09-10
551,111,542.08,2023-01-01
552,111,3699.04,2023-03-24
553,111,3454.97,2023-06-05
554,111,1211.91,2023-07-14
555,111,1384.37,2023-10-07
556,112,2454.57,2023-01-01
557,112,3310.12,2023-03-15
558,112,2166.22,2023-05-31
559,112,489.9,2023-07-17
560,112,2648.52,2023-09-25
561,113,3068.68,2023-01-01
562,113,1433.71,2023-03-01
563,113,1732.81,2023-04-08
564,113,2703.2,2023-07-05
565,113,1721.03,2023-10-03
566,114,1660.55,2023-01-01
567,114,1508.44,2023-03-27
568,114,1105.5,2023-05-04
569,114,2694.83,2023-07-29
570,114,3301.61,2023-09-10
571,115,2028.9,2023-01-01
572,115,1416.86,2023-02-11
573,115,2578.92,2023-04-08
574,115,3255.35,2023-06-27
575,115,1866.18,2023-09-06
576,116,3374.67,2023-01-01
577,116,1694.51,2023-03-31
578,116,4800.33,2023-05-02
579,116,4524.38,2023-06-05
580,116,3406.01,2023-07-30
581,117,3816.41,2023-01-01
582,117,1606.59,2023-02-25
583,117,1904.81,2023-05-15
584,117,2056.58,2023-07-24
585,117,4108.68,2023-09-01
586,118,2087.99,2023-01-01
587,118,1590.83,2023-03-13
588,118,2847.16,2023-04-18
589,118,3276.39,2023-06-24
590,118,2331.71,2023-08-10
591,119,3312.47,2023-01-01
592,119,142.76,2023-02-25
593,119,600.88,2023-04-09
594,119,4120.7,2023-07-05
595,119,3259.51,2023-09-07
596,120,1168.24,2023-01-01
597,120,4429.24,2023-02-12
598,120,1275.62,2023-04-08
599,120,649.42,2023-05-11
600,120,4093.23,2023-08-06
601,121,3396.32,2023-01-01
602,121,4310.79,2023-01-31
603,121,2151.9,2023-03-04
604,121,2350.24,2023-04-17
605,121,1216.08,2023-07-10
606,122,1602.96,2023-01-01
607,122,2141.67,2023-02-02
608,122,4810.95,2023-04-16
609,122,3366.09,2023-06-20
610,122,4885.81,2023-08-10
611,123,467.97,2023-01-01
612,123,4792.44,2023-03-09
613,123,921.7,2023-04-16
614,123,1180.78,2023-05-30
615,123,2141.48,2023-07-29
616,124,3409.25,2023-01-01
617,124,3804.18,2023-02-18
618,124,716.4,2023-03-30
619,124,4194.59,2023-06-25
620,124,732.2,2023-07-23
621,125,3556.24,2023-01-01
622,125,4334.03,2023-02-09
623,125,3128.07,2023-04-26
624,125,1732.35,2023-06-26
625,125,4417.73,2023-08-10
626,126,3698.67,2023-01-01
627,126,4882.8,2023-03-28
628,126,2337.07,2023-05-05
629,126,2494.97,2023-06-05
630,126,4427.65,2023-08-20
631,127,3317.04,2023-01-01
632,127,4894.48,2023-03-08
633,127,2556.72,2023-05-10
634,127,2392.79,2023-07-03
635,127,840.27,2023-09-27
636,128,3836.0,2023-01-01
637,128,2343.73,2023-02-16
638,128,4945.5,2023-04-08
639,128,234.3,2023-06-16
640,128,1401.78,2023-08-25
641,129,4049.91,2023-01-01
642,129,2629.34,2023-03-21
643,129,4940.24,2023-06-12
644,129,3019.29,2023-08-10
645,129,775.06,2023-10-06
646,130,898.27,2023-01-01
647,130,1657.88,2023-03-04
648,130,2662.11,2023-04-08
649,130,3189.48,2023-05-25
650,130,4038.3,2023-08-16
651,131,4509.52,2023-01-01
652,131,773.22,2023-02-06
653,131,1851.42,2023-04-03
654,131,1775.8,2023-06-03
655,131,198.51,2023-07-20
656,132,3772.08,2023-01-01
657,132,3898.96,2023-02-23
658,132,1784.33,2023-04-28
659,132,311.2,2023-07-19
660,132,3368.76,2023-08-19
661,133,623.18,2023-01-01
662,133,860.08,2023-03-02
663,133,1418.79,2023-05-28
664,133,195.34,2023-07-04
665,133,314.97,2023-09-20
666,134,3754.51,2023-01-01
667,134,1238.97,2023-02-19
668,134,4684.65,2023-03-31
669,134,2627.01,2023-05-11
670,134,1996.2,2023-07-04
671,135,3604.19,2023-01-01
672,135,4895.25,2023-03-11
673,135,730.0,2023-05-19
674,135,849.96,2023-07-06
675,135,3702.5,2023-08-25
676,136,4733.81,2023-01-01
677,136,2860.11,2023-03-02
678,136,304.71,2023-04-23
679,136,2219.78,2023-06-13
680,136,3497.94,2023-08-16
681,137,3826.35,2023-01-01
682,137,2094.69,2023-03-26
683,137,2835.03,2023-05-30
684,137,215.47,2023-07-05
685,137,2444.26,2023-08-21
686,138,4575.71,2023-01-01
687,138,4323.95,2023-03-15
688,138,1885.64,2023-05-13
689,138,3464.46,2023-07-11
690,138,3752.25,2023-08-27
691,139,990.94,2023-01-01
692,139,1304.33,2023-03-04
693,139,3622.32,2023-04-20
694,139,1606.96,2023-07-16
695,139,2245.12,2023-10-13
696,140,2184.77,2023-01-01
697,140,2207.2,2023-02-18
698,140,4213.67,2023-04-25
699,140,1407.5,2023-07-16
700,140,2953.12,2023-08-14
701,141,512.0,2023-01-01
702,141,4625.82,2023-02-11
703,141,1771.09,2023-03-23
704,141,1529.96,2023-06-18
705,141,1457.38,2023-07-27
706,142,3281.87,2023-01-01
707,142,950.57,2023-02-06
708,142,3866.84,2023-04-14
709,142,2639.42,2023-05-14
710,142,1089.43,2023-08-08
711,143,1661.11,2023-01-01
712,143,1573.6,2023-02-26
713,143,3777.67,2023-03-27
714,143,3407.52,2023-06-02
715,143,152.78,2023-08-06
716,144,1156.28,2023-01-01
717,144,2206.7,2023-03-22
718,144,1779.42,2023-04-27
719,144,2976.16,2023-07-20
720,144,1838.99,2023-08-19
721,145,3019.54,2023-01-01
722,145,2051.69,2023-02-09
723,145,604.4,2023-03-10
724,145,1934.22,2023-05-27
725,145,3956.91,2023-07-18
726,146,3336.85,2023-01-01
727,146,3552.48,2023-04-01
728,146,1281.83,2023-05-23
729,146,1561.47,2023-08-21
730,146,4884.08,2023-10-31
731,147,692.21,2023-01-01
732,147,3860.62,2023-02-19
733,147,1188.56,2023-04-21
734,147,2526.51,2023-06-19
735,147,4627.47,2023-08-13
736,148,3349.41,2023-01-01
737,148,365.39,2023-03-26
738,148,2416.89,2023-06-08
739,148,4233.19,2023-08-03
740,148,3490.38,2023-09-01
741,149,2677.49,2023-01-01
742,149,3853.26,2023-02-08
743,149,4602.98,2023-04-08
744,149,3321.8,2023-05-20
745,149,2740.22,2023-07-28
746,150,1360.11,2023-01-01
747,150,255.86,2023-02-13
748,150,3671.88,2023-05-09
749,150,3133.12,2023-06-07
750,150,4358.46,2023-07-16
751,151,4965.06,2023-01-01
752,151,2036.25,2023-03-20
753,151,4146.28,2023-05-31
754,151,2998.67,2023-07-02
755,151,2350.19,2023-08-27
756,152,1159.84,2023-01-01
757,152,2227.36,2023-02-23
758,152,3536.26,2023-05-21
759,152,3896.16,2023-07-06
760,152,4579.01,2023-09-10
761,153,924.0,2023-01-01
762,153,3844.57,2023-01-29
763,153,4272.35,2023-04-05
764,153,3964.93,2023-06-18
765,153,351.35,2023-08-31
766,154,2834.53,2023-01-01
767,154,3657.83,2023-02-27
768,154,1754.05,2023-03-29
769,154,2046.47,2023-05-20
770,154,3482.73,2023-06-26
771,155,4035.7,2023-01-01
772,155,4630.75,2023-02-15
773,155,2132.62,2023-04-08
774,155,3505.86,2023-05-17
775,155,2323.1,2023-08-10
776,156,827.02,2023-01-01
777,156,4345.81,2023-03-11
778,156,2461.46,2023-04-08
779,156,2105.84,2023-06-30
780,156,265.49,2023-08-09
781,157,624.25,2023-01-01
782,157,2697.72,2023-01-31
783,157,4959.37,2023-04-22
784,157,1086.04,2023-07-05
785,157,2092.47,2023-09-09
786,158,740.39,2023-01-01
787,158,1612.92,2023-02-07
788,158,4869.25,2023-05-03
789,158,2607.78,2023-07-08
790,158,1663.08,2023-08-13
791,159,4868.05,2023-01-01
792,159,701.78,2023-02-19
793,159,4357.85,2023-04-05
794,159,2294.11,2023-05-27
795,159,3998.58,2023-08-01
796,160,359.45,2023-01-01
797,160,570.76,2023-03-26
798,160,4734.56,2023-06-02
799,160,1963.37,2023-07-26
800,160,835.05,2023-08-27
801,161,1397.3,2023-01-01
802,161,2862.79,2023-02-25
803,161,4083.4,2023-04-06
804,161,4877.21,2023-05-10
805,161,1450.3,2023-06-26
806,162,1482.83,2023-01-01
807,162,1398.29,2023-02-13
808,162,273.54,2023-04-30
809,162,2937.34,2023-06-02
810,162,1239.59,2023-08-13
811,163,2947.11,2023-01-01
812,163,3426.04,2023-03-02
813,163,1500.96,2023-04-20
814,163,3841.66,2023-07-05
815,163,4320.86,2023-08-09
816,164,2803.91,2023-01-01
817,164,4377.67,2023-02-05
818,164,337.58,2023-03-06
819,164,1768.35,2023-04-11
820,164,1591.3,2023-06-19
821,165,3054.12,2023-01-01
822,165,4824.5,2023-03-25
823,165,4646.53,2023-05-05
824,165,2287.8,2023-08-02
825,165,4427.94,2023-10-06
826,166,4187.3,2023-01-01
827,166,3158.39,2023-02-23
828,166,2644.33,2023-04-18
829,166,2969.08,2023-06-28
830,166,1152.31,2023-08-28
831,167,4915.01,2023-01-01
832,167,1935.88,2023-02-14
833,167,220.55,2023-04-22
834,167,1737.13,2023-07-05
835,167,1258.9,2023-08-19
836,168,2805.7,2023-01-01
837,168,3273.34,2023-02-05
838,168,4621.3,2023-04-01
839,168,1124.98,2023-05-01
840,168,1818.29,2023-07-01
841,169,2596.39,2023-01-01
842,169,1883.01,2023-02-12
843,169,4090.94,2023-04-24
844,169,4230.9,2023-06-20
845,169,2950.91,2023-09-05
846,170,2888.32,2023-01-01
847,170,3753.21,2023-03-29
848,170,3326.28,2023-06-10
849,170,1407.02,2023-08-03
850,170,1941.1,2023-09-15
851,171,3811.08,2023-01-01
852,171,1391.6,2023-02-12
853,171,2061.11,2023-03-27
854,171,2747.33,2023-05-25
855,171,1142.87,2023-07-04
856,172,4934.52,2023-01-01
857,172,1566.84,2023-03-27
858,172,2900.42,2023-04-24
859,172,4032.7,2023-07-05
860,172,1590.31,2023-08-25
861,173,4489.15,2023-01-01
862,173,2885.07,2023-03-14
863,173,1360.4,2023-04-20
864,173,1261.15,2023-06-14
865,173,2176.0,2023-07-17
866,174,1444.68,2023-01-01
867,174,3900.81,2023-03-02
868,174,3078.23,2023-04-21
869,174,818.88,2023-06-24
870,174,3302.8,2023-09-20
871,175,4324.99,2023-01-01
872,175,2664.76,2023-03-08
873,175,1119.89,2023-04-10
874,175,2514.55,2023-06-21
875,175,1547.09,2023-09-10
876,176,1048.69,2023-01-01
877,176,4904.41,2023-03-11
878,176,3706.42,2023-06-06
879,176,2572.99,2023-07-15
880,176,398.25,2023-08-19
881,177,606.56,2023-01-01
882,177,3979.87,2023-02-10
883,177,252.47,2023-04-16
884,177,2679.61,2023-06-07
885,177,3356.18,2023-08-20
886,178,3422.42,2023-01-01
887,178,2162.22,2023-03-03
888,178,971.85,2023-05-04
889,178,4436.53,2023-06-27
890,178,3903.19,2023-08-23
891,179,116.07,2023-01-01
892,179,3947.65,2023-03-27
893,179,4717.48,2023-06-14
894,179,954.58,2023-07-25
895,179,4963.98,2023-10-14
896,180,2128.56,2023-01-01
897,180,3544.43,2023-03-21
898,180,3497.17,2023-04-25
899,180,1361.15,2023-06-23
900,180,3413.53,2023-09-01
901,181,3370.67,2023-01-01
902,181,733.13,2023-03-19
903,181,995.22,2023-04-30
904,181,3492.78,2023-07-11
905,181,470.28,2023-08-21
906,182,2165.8,2023-01-01
907,182,2140.22,2023-01-30
908,182,2788.65,2023-04-21
909,182,3880.67,2023-05-31
910,182,4308.93,2023-08-11
911,183,4568.83,2023-01-01
912,183,4504.1,2023-02-25
913,183,4332.03,2023-04-19
914,183,4080.36,2023-07-03
915,183,2344.76,2023-08-25
916,184,3656.02,2023-01-01
917,184,2833.86,2023-02-17
918,184,1809.0,2023-03-17
919,184,2126.89,2023-06-14
920,184,3949.51,2023-08-18
921,185,677.31,2023-01-01
922,185,3657.83,2023-03-30
923,185,397.77,2023-06-22
924,185,1029.43,2023-09-17
925,185,524.27,2023-10-16
926,186,820.48,2023-01-01
927,186,2124.28,2023-03-08
928,186,1404.87,2023-04-10
929,186,2465.54,2023-07-06
930,186,927.43,2023-10-03
931,187,196.43,2023-01-01
932,187,3310.05,2023-02-02
933,187,261.75,2023-03-21
934,187,2368.24,2023-05-31
935,187,3357.96,2023-07-03
936,188,1067.32,2023-01-01
937,188,4343.58,2023-02-09
938,188,3807.07,2023-04-02
939,188,3442.85,2023-06-08
940,188,2039.43,2023-07-15
941,189,1611.95,2023-01-01
942,189,1257.58,2023-03-11
943,189,764.96,2023-05-01
944,189,3940.19,2023-06-07
945,189,419.86,2023-07-10
946,190,2377.31,2023-01-01
947,190,1931.58,2023-03-28
948,190,1609.89,2023-05-14
949,190,4439.05,2023-07-14
950,190,385.26,2023-09-03
951,191,2019.59,2023-01-01
952,191,866.96,2023-03-03
953,191,3419.27,2023-04-28
954,191,557.91,2023-06-05
955,191,2511.18,2023-08-15
956,192,2409.38,2023-01-01
957,192,503.5,2023-03-29
958,192,1246.67,2023-06-06
959,192,4822.53,2023-07-12
960,192,1082.12,2023-08-10
961,193,3721.97,2023-01-01
962,193,4200.68,2023-03-08
963,193,3774.93,2023-06-02
964,193,1956.14,2023-08-20
965,193,2141.91,2023-09-20
966,194,543.13,2023-01-01
967,194,1083.47,2023-03-22
968,194,2734.29,2023-05-20
969,194,3370.33,2023-08-10
970,194,554.64,2023-11-06
971,195,2254.29,2023-01-01
972,195,4425.1,2023-03-19
973,195,3930.02,2023-04-29
974,195,4431.52,2023-07-15
975,195,3838.94,2023-10-12
976,196,2145.99,2023-01-01
977,196,4769.35,2023-03-23
978,196,4688.51,2023-06-08
979,196,1416.75,2023-09-06
980,196,1410.79,2023-12-05
981,197,3915.5,2023-01-01
982,197,876.58,2023-03-01
983,197,1861.8,2023-04-15
984,197,204.36,2023-06-13
985,197,4222.31,2023-07-14
986,198,2969.1,2023-01-01
987,198,3949.58,2023-03-26
988,198,2294.28,2023-06-01
989,198,1109.26,2023-07-06
990,198,4119.34,2023-08-15
991,199,4631.87,2023-01-01
992,199,3004.36,2023-03-27
993,199,2076.53,2023-05-14
994,199,1224.47,2023-08-08
995,199,3084.63,2023-09-13
996,200,4471.1,2023-01-01
997,200,1212.46,2023-02-28
998,200,522.59,2023-05-23
999,200,3915.67,2023-07-23
1000,200,671.75,2023-09-22
1001,201,2815.57,2023-01-01
1002,201,1926.42,2023-03-03
1003,201,315.91,2023-05-25
1004,201,903.74,2023-08-03
1005,201,2880.2,2023-10-14
1006,202,3840.3,2023-01-01
1007,202,697.45,2023-03-04
1008,202,2231.27,2023-05-20
1009,202,3390.52,2023-07-05
1010,202,4477.02,2023-08-23
1011,203,1235.07,2023-01-01
1012,203,4776.06,2023-03-12
1013,203,440.71,2023-05-03
1014,203,3560.45,2023-06-10
1015,203,4431.26,2023-08-25
1016,204,4173.47,2023-01-01
1017,204,4685.21,2023-03-28
1018,204,183.19,2023-05-12
1019,204,1969.26,2023-07-18
1020,204,4230.3,2023-08-18
1021,205,2782.99,2023-01-01
1022,205,1731.1,2023-02-19
1023,205,2494.24,2023-03-28
1024,205,972.73,2023-06-14
1025,205,2822.61,2023-08-05
1026,206,2182.85,2023-01-01
1027,206,3827.39,2023-03-30
1028,206,502.76,2023-05-04
1029,206,2508.92,2023-07-08
1030,206,2059.53,2023-08-23
1031,207,280.01,2023-01-01
1032,207,3392.17,2023-02-16
1033,207,1429.92,2023-04-12
1034,207,2621.68,2023-06-06
1035,207,2080.56,2023-09-03
1036,208,987.5,2023-01-01
1037,208,1752.49,2023-02-04
1038,208,2664.79,2023-04-14
1039,208,4915.94,2023-05-18
1040,208,4815.8,2023-08-01
1041,209,3946.87,2023-01-01
1042,209,1339.2,2023-03-27
1043,209,3233.43,2023-06-12
1044,209,1578.81,2023-08-14
1045,209,4030.51,2023-11-11
1046,210,132.09,2023-01-01
1047,210,2400.19,2023-03-15
1048,210,3962.55,2023-05-20
1049,210,3368.39,2023-08-14
1050,210,3193.53,2023-09-12
1051,211,4193.23,2023-01-01
1052,211,837.22,2023-03-11
1053,211,4491.43,2023-05-23
1054,211,1381.55,2023-08-17
1055,211,3409.0,2023-09-30
1056,212,2103.6,2023-01-01
1057,212,2379.21,2023-03-10
1058,212,2771.12,2023-05-15
1059,212,899.05,2023-07-27
1060,212,377.05,2023-09-21
1061,213,4418.07,2023-01-01
1062,213,1887.6,2023-01-31
1063,213,4000.44,2023-03-04
1064,213,2744.83,2023-05-18
1065,213,2002.22,2023-06-26
1066,214,337.06,2023-01-01
1067,214,3392.06,2023-03-03
1068,214,2705.28,2023-04-08
1069,214,145.48,2023-06-15
1070,214,4294.95,2023-08-16
1071,215,1633.56,2023-01-01
1072,215,807.46,2023-03-03
1073,215,4070.95,2023-04-09
1074,215,2808.0,2023-06-07
1075,215,1731.77,2023-07-05
1076,216,3317.96,2023-01-01
1077,216,4527.59,2023-02-23
1078,216,2720.39,2023-04-21
1079,216,1313.76,2023-05-22
1080,216,1228.97,2023-07-06
1081,217,1559.69,2023-01-01
1082,217,3368.79,2023-02-04
1083,217,4351.16,2023-04-21
1084,217,2110.72,2023-06-19
1085,217,4539.91,2023-09-03
1086,218,2096.84,2023-01-01
1087,218,1422.44,2023-02-06
1088,218,302.34,2023-04-16
1089,218,2939.89,2023-07-04
1090,218,1353.24,2023-08-09
1091,219,4805.22,2023-01-01
1092,219,1555.87,2023-04-01
1093,219,2687.3,2023-05-17
1094,219,4647.46,2023-06-28
1095,219,309.46,2023-08-08
1096,220,3094.38,2023-01-01
1097,220,542.51,2023-03-03
1098,220,409.04,2023-04-16
1099,220,2444.36,2023-06-08
1100,220,4042.55,2023-07-27
1101,221,3915.19,2023-01-01
1102,221,4736.46,2023-02-06
1103,221,4015.8,2023-04-22
1104,221,1406.69,2023-05-26
1105,221,2591.93,2023-07-08
1106,222,910.08,2023-01-01
1107,222,2739.2,2023-03-25
1108,222,1852.56,2023-06-18
1109,222,2361.33,2023-07-25
1110,222,1606.07,2023-09-14
1111,223,3700.16,2023-01-01
1112,223,1509.85,2023-02-23
1113,223,3325.47,2023-04-23
1114,223,2512.59,2023-07-02
1115,223,3550.58,2023-08-23
1116,224,4054.59,2023-01-01
1117,224,2372.63,2023-03-10
1118,224,264.34,2023-06-08
1119,224,3322.4,2023-08-10
1120,224,2938.3,2023-09-22
1121,225,1028.66,2023-01-01
1122,225,2973.81,2023-03-05
1123,225,636.84,2023-05-10
1124,225,2822.29,2023-07-28
1125,225,4496.76,2023-09-03
1126,226,1765.09,2023-01-01
1127,226,3592.38,2023-02-28
1128,226,2424.13,2023-05-28
1129,226,2425.04,2023-08-05
1130,226,4897.66,2023-09-16
1131,227,1831.09,2023-01-01
1132,227,2906.18,2023-03-04
1133,227,655.68,2023-05-13
1134,227,1806.92,2023-06-30
1135,227,2987.63,2023-08-29
1136,228,2334.42,2023-01-01
1137,228,3777.22,2023-02-19
1138,228,3891.66,2023-04-20
1139,228,3435.81,2023-06-02
1140,228,1211.01,2023-08-02
1141,229,1138.96,2023-01-01
1142,229,1713.13,2023-02-27
1143,229,4765.75,2023-04-28
1144,229,1184.82,2023-06-22
1145,229,1349.34,2023-09-11
1146,230,3174.91,2023-01-01
1147,230,2671.63,2023-03-31
1148,230,4203.18,2023-05-11
1149,230,381.39,2023-07-02
1150,230,4531.25,2023-08-22
1151,231,3041.61,2023-01-01
1152,231,2816.63,2023-02-17
1153,231,926.99,2023-04-14
1154,231,2727.09,2023-05-30
1155,231,2125.1,2023-08-12
1156,232,1396.83,2023-01-01
1157,232,2984.01,2023-03-17
1158,232,1015.01,2023-05-23
1159,232,3890.11,2023-06-24
1160,232,2834.72,2023-09-19
1161,233,2746.62,2023-01-01
1162,233,4546.5,2023-02-05
1163,233,157.41,2023-03-16
1164,233,4680.19,2023-06-10
1165,233,1641.7,2023-07-15
1166,234,2807.34,2023-01-01
1167,234,861.79,2023-03-03
1168,234,1002.97,2023-04-15
1169,234,4915.84,2023-05-23
1170,234,960.31,2023-07-14
1171,235,4396.06,2023-01-01
1172,235,131.15,2023-03-18
1173,235,3029.36,2023-04-28
1174,235,1869.09,2023-07-09
1175,235,620.03,2023-10-06
1176,236,857.39,2023-01-01
1177,236,2405.46,2023-03-12
1178,236,3778.07,2023-04-23
1179,236,4295.61,2023-07-11
1180,236,3693.75,2023-09-05
1181,237,2947.46,2023-01-01
1182,237,3633.67,2023-02-01
1183,237,1743.73,2023-04-03
1184,237,4083.23,2023-05-17
1185,237,1432.62,2023-07-19
1186,238,2355.43,2023-01-01
1187,238,3594.24,2023-01-31
1188,238,3644.48,2023-04-23
1189,238,1560.8,2023-05-22
1190,238,2343.24,2023-06-23
1191,239,3757.61,2023-01-01
1192,239,2215.44,2023-03-23
1193,239,3034.36,2023-05-15
1194,239,2438.28,2023-08-13
1195,239,416.8,2023-10-07
1196,240,1305.81,2023-01-01
1197,240,4251.88,2023-03-14
1198,240,3085.59,2023-05-16
1199,240,549.86,2023-07-11
1200,240,553.06,2023-09-01
1201,241,3559.82,2023-01-01
1202,241,2208.37,2023-02-19
1203,241,608.56,2023-05-15
1204,241,1546.45,2023-06-23
1205,241,2906.95,2023-09-03
1206,242,4314.21,2023-01-01
1207,242,1095.36,2023-02-03
1208,242,2181.51,2023-04-26
1209,242,1492.39,2023-07-20
1210,242,1459.75,2023-08-23
1211,243,819.42,2023-01-01
1212,243,227.83,2023-03-23
1213,243,1554.35,2023-06-17
1214,243,4990.44,2023-09-15
1215,243,4808.56,2023-11-22
1216,244,4794.42,2023-01-01
1217,244,1902.07,2023-02-18
1218,244,4699.94,2023-04-17
1219,244,2496.01,2023-06-19
1220,244,1160.31,2023-07-26
1221,245,2115.45,2023-01-01
1222,245,1865.16,2023-03-26
1223,245,4261.38,2023-06-19
1224,245,4328.62,2023-09-08
1225,245,3248.71,2023-10-11
1226,246,3253.38,2023-01-01
1227,246,3784.72,2023-02-10
1228,246,3624.09,2023-05-11
1229,246,2332.84,2023-07-27
1230,246,3471.76,2023-09-02
1231,247,113.41,2023-01-01
1232,247,2137.53,2023-02-25
1233,247,4165.93,2023-04-26
1234,247,2049.45,2023-07-01
1235,247,2177.83,2023-09-05
1236,248,3566.6,2023-01-01
1237,248,1001.84,2023-03-01
1238,248,1158.69,2023-04-18
1239,248,165.18,2023-07-06
1240,248,4693.68,2023-09-15
1241,249,3935.46,2023-01-01
1242,249,3177.47,2023-03-01
1243,249,1778.77,2023-04-24
1244,249,4558.88,2023-06-01
1245,249,2806.15,2023-07-30
1246,250,2049.18,2023-01-01
1247,250,4450.03,2023-02-27
1248,250,511.54,2023-04-25
1249,250,3820.68,2023-06-14
1250,250,165.75,2023-07-20
